,recipe_list_url,recipe_name,recipe_url,recipe_long_name,recipe_ing,recipe,tags,times,servings
0,https://www.tarladalal.com/recipes-for-veg-recipes-gujarati-24?pageindex=15,Tarkari Khichdi,https://www.tarladalal.com/tarkari-khichdi-22155r,Tarkari Khichdi recipe - How to make Tarkari Khichdi,"1/2 cup brown rice
 1/4 cup yellow moong dal (split yellow gram)
 1/4 cup sliced cauliflower
 1/4 cup peeled and sliced potatoes
 1/4 cup sliced brinjals (baingan / eggplant)
 1/4 cup sliced onions
 1/2 tsp cumin seeds (jeera)
 1/2 tsp turmeric powder (haldi)
 1 tsp chilli powder
 1 tbsp green paste
 1/2 tsp garam masala
 salt to taste","Method
Wash and soak the rice and moong dal in enough water for 15 minutes. Drain and keep aside.
Heat the pressure cooker and when hot, add the cumin seeds and dry roast on a medium flame for a few seconds.
Add cauliflower, potatoes, brinjals, onions, turmeric powder, chilli powder, green paste, garam masala and salt. Mix well and dry roast on a medium flame for 1 to 2 minutes.
Add the drained brown rice, moong dal and 2 cups of water, mix well and pressure cook for 3 whistles.
Allow the steam to escape before opening the lid.
Mix gently and serve immediately.","Gujarati Khichdi 
collection of khichdi recipes
Low Cal Rice Recipes
Indian Pressure Cooker
Healthy Pressure Cooker
Pressure Cooker
Home Remedies Protein Rich","Preparation Time: 10 mins, Cooking Time: 17 mins, Total Time: 42 mins , Soaking time:  15 minutes           ",3
1,https://www.tarladalal.com/recipes-for-veg-recipes-gujarati-24?pageindex=15,"Quinoa Kale Khakhra, Healthy Quinoa and Oats Khakhra",https://www.tarladalal.com/quinoa-kale-khakhra-healthy-quinoa-and-oats-khakhra-42549r,"Quinoa Kale Khakhra, Healthy Quinoa and Oats Khakhra recipe - How to make Quinoa Kale Khakhra, Healthy Quinoa and Oats Khakhra","For Quinoa Kale Khakhra:
 1/2 cup quinoa flour
 5 tbsp finely chopped kale
 1/2 cup oats flour
 1/4 cup whole wheat flour (gehun ka atta)
 1/2 tbsp roasted sesame seeds (til)
 1/2 tsp garlic (lehsun) paste
 1/2 tsp green chilli paste
 salt to taste
 whole wheat flour (gehun ka atta) for rolling
 2 1/2 tsp olive oil for brushing","For quinoa kale khakhra
To make 
quinoa kale khakhra
, combine all the ingredients in a deep bowl and knead into a semi-soft dough using enough water
Divide the dough into 10 equal portions.
Roll out a portion of dough into a 150 mm (6”) diameter circle using a little whole wheat flour for rolling.
Heat a concave non-stick tava (griddle) and half cook the roti.
Remove on a plate and brush it lightly using ¼ tsp of olive oil.
Repeat steps 3 to 5 to half cook and brush the remaining rotis.
Heat a concave non-stick tava (griddle) and cook each brushed roti on a slow flame until crisp using little pressure with help of a muslin cloth or with a khakhra press.
Repeat step 7 to make 9 more khakhras.
Allow the 
quinoa kale khakhras
 to cool completely and store in an air-tight container.","Gujarati  Dry Snacks
Breakfast Khakhras
Quick Evening Snacks
Indian Jar Snacks
Evening Tea Snacks
Kids Tiffin Box
Snack Recipes for Kids","Preparation Time: 5 mins, Cooking Time: 40 mins, Total Time: 45 mins ,         ",10
2,https://www.tarladalal.com/recipes-for-veg-recipes-gujarati-24?pageindex=15,"Sev Tameta, Rasawala Sev Tameta",https://www.tarladalal.com/sev-tameta-rasawala-sev-tameta-4341r,"Sev Tameta, Rasawala Sev Tameta recipe - How to make Sev Tameta, Rasawala Sev Tameta","For Sev Tameta:
 3/4 cup sev
 2 cups tomato cubes
 1 tbsp ghee
 1 tsp cumin seeds (jeera)
 6 curry leaves (kadi patta)
 1 tbsp chopped jaggery (gur)
 1 tsp chilli powder
 salt to taste
 2 tbsp finely chopped coriander (dhania)
 1 tsp lemon juice","Method
Heat the ghee in a deep non-stick pan, add the cumin seeds and curry leaves and sauté on a medium flame for 30 seconds.
Add the tomatoes, chill powder, jaggery, salt and 1 cup of water, mix well and cook on a medium flame for 8 to 10 minutes, while stirring occasionally.
Switch off the flame, add the coriander and lemon juice and mix well.
Just before serving, re-heat the subzi, add the sev and mix well.
Serve immediately.","Gujarati Shaak Sabzi
Jain Paryushan
Quick Sabzis
Non-stick Pan
Quick Sabzis
Lunch Sabzi","Preparation Time: 10 mins, Cooking Time: 11 mins, Total Time: 21 mins ,         ",4
3,https://www.tarladalal.com/recipes-for-veg-recipes-gujarati-24?pageindex=15,"Yam Raita, Farali Suran Raita Recipe",https://www.tarladalal.com/yam-raita-farali-suran-raita-recipe-33294r,"Yam Raita, Farali Suran Raita Recipe recipe - How to make Yam Raita, Farali Suran Raita Recipe","For Yam Raita:
 1 cup peeled , boiled and mashed yam (suran)
 1 cup fresh curd (dahi)
 rock salt (sendha namak) to taste
 1 1/2 tsp sugar
 1/2 tsp green chilli paste
 1/2 tsp freshly ground black pepper (kalimirch)
 2 tsp chopped coriander (dhania)","For yam raita
To make 
yam raita
, combine all the ingredients in a bowl and mix well.
Refrigerate for at least 1 hour.
Serve 
 chilled.","Gujarati Kachumber / Chutneys / Achar
Gujarati  Faral, Faraal
Maharashtrian Upvas (Fasting)
Raitas
Mahashivaratri
Janmashtami
Shravan","Preparation Time: 10 mins, Cooking Time: 0 mins , Total Time: 10 mins ,         ",2
4,https://www.tarladalal.com/recipes-for-veg-recipes-gujarati-24?pageindex=15,Shrikhand ( Gujarati Recipe),https://www.tarladalal.com/shrikhand--gujarati-recipe-35789r,Shrikhand ( Gujarati Recipe) recipe - How to make Shrikhand ( Gujarati Recipe),"For The Shrikhand:
 1 kg thick curds (dahi)
 1/2 cup powdered sugar
 a few saffron (kesar) strands
 1 tbsp warm milk
 1/2 tsp cardamom (elaichi) powder
 Garnish For The Shrikhand:
 1 tbsp pistachio slivers
 1 tbsp almond (badam) slivers","How to make the shrikhand
To make the 
shrikhand
, hang the curds in a muslin cloth in a cool place for approximately 3 hours until all the liquid (whey) has drained off.
Rub the saffron into the warm milk until it dissolves.
Mix together the hung curds, sugar, saffron mixture and cardamom in a bowl and mix well using a whisk.
Serve the 
 garnished with slivers of pistachios and almonds.
Variation:
strawberry shrikhand
Add 1 cup of sliced strawberries instead of the saffron and cardamom powder at step 2.
Adjust the sugar according to the sweetness of the strawberries.","Gujarati Sweet Mithai
Maharashtrian Sweet Dishes
Comfort Foods
Diwali
Diwali Sweets Mithai 
Comfort Food Mithai, Indian Desserts","Preparation Time: 5 mins, Cooking Time: 0 mins , Total Time: 5 mins ,         ",4
5,https://www.tarladalal.com/recipes-for-veg-recipes-gujarati-24?pageindex=15,"Palak Pudina Sev, Jar Snack",https://www.tarladalal.com/palak-pudina-sev-jar-snack-42409r,"Palak Pudina Sev, Jar Snack recipe - How to make Palak Pudina Sev, Jar Snack","Palak Pudina Sev:
 3/4 cup rice flour (chawal ka atta)
 1 cup besan (bengal gram flour)
 1 tbsp oil
 salt to taste
 1/4 tsp oil for greasing
 oil for deep-frying
 To Be Blended Into A Smooth Paste:
 1 cup roughly chopped spinach (palak)
 1/2 cup mint leaves (pudina)
 1 tbsp roughly chopped coriander (dhania)
 1 tsp roughly chopped green chillies
 1/2 tsp roughly chopped garlic (lehsun)
 2 tsp lemon juice
 salt to taste
 1/2 cup water","Palak pudina sev
To make 
palak pudina sev
, combine all the ingredients, including the prepared paste in a deep bowl and knead into a soft dough.
Grease the sev ""press"" mould with little oil, transfer the dough into it, press it properly and cover it with the lid.
Press out thin strands of the sev into the hot oil, a few at a time and deep-fry on a slow flame till it turns very light brown in colour from all the sides. Drain on an absorbent paper.
Keep aside to cool for 5 to 10 minutes.
Transfer the sev into a deep bowl and break into pieces using your fingers.
Store the 
 in an air-tight container and use as required.","Punjabi Swadisht Nashta
Gujarati  Dry Snacks
Indian Jar Snacks
Evening Tea Snacks
Diwali
Diwali Snacks
Indian Travel Food Dry Snacks","Preparation Time: 15 mins, Cooking Time: 25 mins, Total Time: 40 mins ,         ",4
6,https://www.tarladalal.com/recipes-for-veg-recipes-gujarati-24?pageindex=15,"Ponkh Chilla, Healthy Hurda Pudla",https://www.tarladalal.com/ponkh-chilla-healthy-hurda-pudla-42435r,"Ponkh Chilla, Healthy Hurda Pudla recipe - How to make Ponkh Chilla, Healthy Hurda Pudla","For Ponkh Chilla:
 1/2 cup ponk / ponkh (hurda)
 1/4 cup besan (bengal gram flour)
 3 tbsp rice flour (chawal ka atta)
 1 tbsp finely chopped coriander (dhania)
 1 tsp chilli powder
 1/4 tsp turmeric powder (haldi)
 1/4 tsp asafoetida (hing)
 salt to taste
 6 tsp oil for greasing and cooking
 For Serving:
 green chutney
 tomato ketchup","Method
Combine all the ingredients in a deep bowl and mix well.
Add approx. ¾ cup of water and mix very well.
Heat a non-stick tava (griddle) and grease it lightly with ½ tsp of oil.
Pour a ladleful of the batter on it and spread it in a circular motion to make a 150 mm. (6”) diameter circle.
Smear ½ tsp of oil over it and along the edges and cook on a high flame till the chila turns brown in colour.
Flip over and cook on the other side as well.
Repeat steps 3 to 6 to make 5 more chilas.
Serve immediately with green chutney and tomato ketchup.","Gujarati Breakfast
Breakfast  Chillas, Indian Pancakes
Indian Snacks for Entertaining
Indian Pancakes 
Evening Tea Snacks
One Dish Vegetarian Meals
Makar  Sankranti Pongal Festival","Preparation Time: 10 mins, Cooking Time: 20 mins, Total Time: 30 mins ,         ",6
7,https://www.tarladalal.com/recipes-for-veg-recipes-gujarati-24?pageindex=15,"Buckwheat Dhokla, Faraal Buckwheat Dhokla",https://www.tarladalal.com/buckwheat-dhokla-faraal-buckwheat-dhokla-3547r,"Buckwheat Dhokla, Faraal Buckwheat Dhokla recipe - How to make Buckwheat Dhokla, Faraal Buckwheat Dhokla","For Buckwheat Dhokla:
 1 1/4 cups buckwheat (kuttu or kutti no daro)
 1/2 cup sour curds (khatta dahi)
 1 tsp green chilli paste
 1/4 tsp ginger (adrak) paste
 salt to taste","For buckwheat dhokla
To make 
farali buckwheat dhokla for upvas
, clean and wash the buckwheat in enough water only once. Washing it more will cause the starch to drain out.
Drain the excess water using a strainer.
Combine the buckwheat, curds and 1/3 cup of water in a deep bowl and mix well. Cover with a lid and keep aside to soak for at least 4 to 5 hours.
Add the green chilli paste, ginger paste and salt and mix very well.
Pour half the batter into a greased 175 mm. (7"") diameter thali and spread evenly by rotating the thali clockwise.
Steam in a steamer for 10 to 12 minutes or till the dhoklas are cooked.
Repeat steps 5 and 6 to make 1 more thali.
Cool slightly, cut into pieces and serve 
 immediately.
Handy tip:
At step 3, allow the mixture to soak for at least 4 hours in summer season. In winter season the soaking time should be increased to 5 hours and if needed to 6 hours depending on the temperature. This will ensure soft dhoklas as the end result.","Gujarati Farsans
Gujarati  Faral, Faraal
Gujarati Breakfast
Low Cal Breakfast
Breakfast Dhokla
Janmashtami
Navratri Vrat","Preparation Time: 5 mins, Cooking Time: 30 mins, Total Time: 5 hours 35 minutes, Soaking time:     4 to 5 hours           ",4
8,https://www.tarladalal.com/recipes-for-veg-recipes-gujarati-24?pageindex=15,Cabbage Jowar Muthias,https://www.tarladalal.com/cabbage-jowar-muthias-3554r,Cabbage Jowar Muthias recipe - How to make Cabbage Jowar Muthias,"For Cabbage Jowar Muthias:
 1 cup grated cabbage
 1 cup jowar (white millet) flour
 1/4 cup low fat curds (dahi)
 1 tbsp chopped coriander (dhania)
 1/2 tbsp lemon juice
 1 tsp ginger-green chilli paste
 1 tsp garlic (lehsun) paste
 1/2 tsp turmeric powder (haldi)
 1/2 tsp asafoetida (hing)
 salt to taste
 1 tsp oil
 1 tsp cumin seeds (jeera)
 3 to 4 curry leaves (kadi patta)
 For The Garnish:
 1 tbsp finely chopped coriander (dhania)
 For Serving With Cabbage Jowar Muthias:
 green chutney","For cabbage jowar muthias
To make 
cabbage jowar muthias
, combine the cabbage, jowar flour, curds, coriander, lemon juice, ginger-green chilli paste, garlic paste, turmeric powder, ¼ tsp of asafoetida and salt in a deep bowl and knead into a soft dough using approx. ¼ cup of water.
Divide the dough into 2 equal portions and shape each portion into 125 mm. (5"") cylindrical roll.
Arrange both the rolls on a greased sieve and steam in a steamer for 20 to 25 minutes. Allow it to cool completely.
Once cooled, cut each roll into 13 mm. (½”) thick slices and keep aside.
Heat the oil in a broad non-stick pan and add the cumin seeds.
When the seeds crackle, add the remaining ¼ tsp of asafoetida and curry leaves and sauté for a few seconds.
Add the sliced muthias, mix well and cook on a medium flame for 2 to 3 minutes or till they turn light brown in colour, while tossing gently and occasionally.
Garnish the 
 with coriander and serve hot with green chutney.","Gujarati Farsans
Low Calorie Indian Snacks
Indian Steamed Snacks
Steam
Saute
Indian Party
Steamer","Preparation Time: 10 mins, Cooking Time: 29 mins, Total Time: 39 mins ,         ",3
9,https://www.tarladalal.com/recipes-for-veg-recipes-gujarati-24?pageindex=15,"Mawa Peda, Quick Mava Peda, Khoya Peda",https://www.tarladalal.com/mawa-peda-quick-mava-peda-khoya-peda-2057r,"Mawa Peda, Quick Mava Peda, Khoya Peda recipe - How to make Mawa Peda, Quick Mava Peda, Khoya Peda","For Mawa Peda:
 1 3/4 cups grated mawa (khoya)
 4 tbsp powdered sugar
 1/4 tsp cardamom (elaichi) powder
 10 almonds (badam) halves","For mawa peda
To make 
quick mawa peda
, put the mawa in a broad non-stick pan, mix well and cook on a medium flame for 5 to 7 minutes, while stirring continuously.
Transfer the mixture into a large plate, cool for atleast 20 minutes.
Add the sugar and cardamom powder and mix gently with your hands. The mixture should bind like a dough.
Refrigerate for 20 minutes.
Divide the mixture for 
khoya peda
 into 10 equal portions.
Roll each portion into a ball and then flatten it slightly in between your palms. Form a depression in the centre, put an almond halve in it and press it lightly.
Serve the 
instant mawa peda
 or store in an air-tight container and refrigerate it till serving.","Gujarati Sweet Mithai
Peda, Ladoo collection 
Traditional Indian Mithai
Diwali
Dussehra recipes | Dussehra Sweets
Raksha - Bandhan
Janmashtami","Preparation Time: 15 mins, Cooking Time: 7 mins, Total Time: 22 mins ,         ",10
10,https://www.tarladalal.com/recipes-for-veg-recipes-gujarati-24?pageindex=15,"Coriander Garlic Chutney, Palak Dhania Chutney",https://www.tarladalal.com/coriander-garlic-chutney-palak-dhania-chutney-33385r,"Coriander Garlic Chutney, Palak Dhania Chutney recipe - How to make Coriander Garlic Chutney, Palak Dhania Chutney","For Coriander Garlic Chutney:
 1 1/4 cups chopped coriander (dhania)
 1 1/2 tbsp sour curds (khatta dahi)
 1 1/2 tbsp roasted chana dal (daria)
 2 tsp roughly chopped small green chillies
 1 tsp chopped ginger (adrak)
 1 1/2 tsp chopped garlic (lehsun)
 1 tbsp chopped spinach (palak)
 salt to taste","For coriander garlic chutney
To make 
coriander garlic chutney
, combine all the ingredients with 2 tbsp of water in a mixer and blend till smooth.
Refrigerate the 
 in an air-tight container and use as required.","Gujarati Kachumber / Chutneys / Achar
Mumbai Street Food
different kinds of Indian chutney
Indian Party
Indian Birthday Party
Mixer","Preparation Time: 10 mins, Cooking Time: 0 mins , Total Time: 10 mins ,         ",Makes 0.5 cup
11,https://www.tarladalal.com/recipes-for-veg-recipes-gujarati-24?pageindex=15,"Baked Sweet Potato Fries, Indian Shakarkand Finger Chips",https://www.tarladalal.com/baked-sweet-potato-fries-indian-shakarkand-finger-chips-42359r,"Baked Sweet Potato Fries, Indian Shakarkand Finger Chips recipe - How to make Baked Sweet Potato Fries, Indian Shakarkand Finger Chips","For Baked Sweet Potato Fries:
 2 cups sweet potato fingers
 1 tbsp cornflour
 1/2 tsp sea salt (khada namak)
 1 1/2 tbsp olive oil
 1/2 tsp garlic (lehsun) powder
 1/4 tsp freshly ground black pepper (kalimirch)
 1/2 tsp chilli powder","For baked sweet potato fries
To make 
baked sweet potato fries
, combine the sweet potato fingers, cornflour and sea salt in a deep bowl and mix well.
Add olive oil and toss well again.
Place the sweet potatoes on a baking tray and ensure there is a gap between each fry. You will need to put the fries in 2 baking trays.
Bake in a pre-heated oven at 210ºc (420ºf) for 25 minutes, while turning the fries once in between after 12 minutes.
Add the garlic powder, pepper powder and chilli powder and toss well.
Serve the 
 immediately.","Gujarati  Faral, Faraal
Evening Tea Snacks
Mahashivaratri
Ekadashi Recipes, Ekadasi
Shravan
High Tea Party
Indian Party Starters","Preparation Time: 15 mins, Cooking Time: 0 mins , Total Time: 30 mins ,     Baking time:    15 minutes   Baking temperature:    200ºC (400ºF)       ",3
12,https://www.tarladalal.com/recipes-for-veg-recipes-gujarati-24?pageindex=15,"Coconut Chikki, Kopra Chikki Made in Jaggery",https://www.tarladalal.com/coconut-chikki-kopra-chikki-made-in-jaggery-40999r,"Coconut Chikki, Kopra Chikki Made in Jaggery recipe - How to make Coconut Chikki, Kopra Chikki Made in Jaggery","For Coconut Chikki:
 1 1/2 cups chopped jaggery (gur)
 2 cups desiccated coconut","For coconut chikki
To make 
coconut chikki
, heat an aluminium kadhai on a high flame.
Add the jaggery, mix well and cook on a high flame for 2 minutes, while stirring continuously.
Lower the flame to slow and keep stirring continuously for 2 minutes, till it forms foam and changes the colour.
Switch off the flame and keep stirring for few more seconds.
Add the desiccated coconut and mix very well.
Put it on a greased platform, while mixing it upside down using a flat ladle.
Pat the mixture, with greased  hands and roll it using a greased rolling pin to make 325 mm. (13”) diameter circle.
While rolling make sure it does not stick on the platform. If it sticks, loosen it using a flat ladle, and roll again.
Cut immediately using  a sharp knife into equal squares. Cool completely.
Break the 
 into pieces and store it in an airtight container in a cool and dry place.","Gujarati Sweet Mithai
Comfort Foods
Sweet Snacks
Traditional Indian Mithai
Chikki
Makar  Sankranti Pongal Festival
Kadai Veg","Preparation Time: 15 mins, Cooking Time: 6 mins, Total Time: 21 mins ,         ",44
13,https://www.tarladalal.com/recipes-for-veg-recipes-gujarati-24?pageindex=15,Mixed Dal in A Microwave,https://www.tarladalal.com/mixed-dal-in-a-microwave-678r,Mixed Dal in A Microwave recipe - How to make Mixed Dal in A Microwave,"2 tbsp green moong dal (split  green gram)
 2 tbsp masoor dal (split red lentil)
 2 tbsp urad dal (split black lentils)
 salt to taste
 1/2 tsp turmeric powder (haldi)
 4 tbsp butter
 1 tsp cumin seeds (jeera)
 3/4 cup finely chopped tomatoes
 1/2 cup finely chopped onions
 1 1/2 tsp chopped green chillies
 2 tsp chopped ginger (adrak)
 1 tsp chilli powder
 4 tbsp chopped coriander (dhania)","Method
Combine all the dals with 1½ cups of hot water in a microwave safe bowl, cover it with a lid and soak for 30 minutes.
Add the salt and turmeric powder and mix well. Cover it with a microwave safe lid and microwave on high for 15 minutes. Keep aside.
Put the butter in another microwave safe bowl and microwave on high for 30 seconds.
Add the cumin seeds and microwave on high for 30 seconds.
Add the tomatoes, onions, green chillies, ginger, chilli powder, coriander, cooked dals and little salt, mix well and microwave on high for 4 minutes, while stirring once after 2 minutes.
Serve immediately.","Cuisine
Indian Veg Recipes
Hyderabadi Dishes, Hyderabadi
Collection of Gujarati Dals / Kadhis
Celebration Dals
Indian Party
Microwave","Preparation Time: 15 mins, Cooking Time: 20 mins, Total Time: 1 hours 5 minutes, Soaking time:  30 minutes           ",4
14,https://www.tarladalal.com/recipes-for-veg-recipes-gujarati-24?pageindex=15,Pineapple Basundi,https://www.tarladalal.com/pineapple-basundi-3603r,Pineapple Basundi recipe - How to make Pineapple Basundi,"For The Pineapple Mixture:
 3/4 cup freshly grated pineapple
 1 tsp sugar
 Other Ingredients:
 4 1/2 cups full-fat milk
 1/4 tsp saffron (kesar) strands
 2 tbsp warm full-fat milk
 5 tbsp sugar
 1/2 tsp cardamom (elaichi) powder","For the pineapple mixture
Combine the pineapple and sugar in a broad non-stick pan, mix well and cook on a medium flame for 4 minutes, while stirring occasionally.
Cool completely.
How to proceed
Combine the saffron and 2 tbsp of warm milk in a small bowl, mix well and keep aside.
Combine the milk and sugar in a deep non-stick pan, mix well and cook on a medium flame for 25 minutes, while stirring occasionally and scrapping the sides of the pan.
Add the saffron-milk mixture and cardamom powder, mix well and cook on a medium flame for 1 minute, while stirring continuously. Cool completely.
Once cooled, add the pineapple mixture and mix well.
Refrigerate for 1 hour and serve chilled.","Gujarati Sweet Mithai
Traditional Indian Mithai
Low Cal Sweets / Desserts
Dussehra recipes | Dussehra Sweets
Raksha - Bandhan
Non-stick Pan","Preparation Time: 15 mins, Cooking Time: 30 mins, Total Time: 45 mins ,         ",5
15,https://www.tarladalal.com/recipes-for-veg-recipes-gujarati-24?pageindex=15,"Bajra Ragi Methi Khakhra, Multi Flour Khakhra",https://www.tarladalal.com/bajra-ragi-methi-khakhra-multi-flour-khakhra-22466r,"Bajra Ragi Methi Khakhra, Multi Flour Khakhra recipe - How to make Bajra Ragi Methi Khakhra, Multi Flour Khakhra","For Bajra Ragi Methi Khakhra:
 1/2 cup bajra (black millet) flour
 1/3 cup ragi (nachni / red millet) flour
 2 tbsp whole wheat flour (gehun ka atta)
 1/2 tsp ginger-garlic (adrak-lehsun) paste
 1/4 tsp finely chopped green chillies
 3 tbsp finely chopped fenugreek leaves (methi) leaves
 1/4 tsp turmeric powder (haldi)
 1 tsp oil
 salt to taste
 Other Ingredients For Bajra Ragi Methi Khakhra:
 2 1/2 tsp ghee for cooking","For bajra ragi methi khakhra
To make 
bajra ragi methi khakhra
, combine all the ingredients and knead to make a soft dough using enough water.
Divide the dough into 5 equal portions and roll out each portion into a 125 mm. (5"") diameter thin circle.
Cook 1 circle on a tava (griddle) on both sides using a little ghee until light pink spots appear.
With the help of a folded muslin cloth, press the khakhra from all the sides and cook over a slow flame till it is crisp.
Repeat with remaining circles to make 4 more khakhras.
Cool the 
 completely and serve.","Gujarati Breakfast
Breakfast Khakhras
Tava
Indian Cancer Patients
High Fiber
Pregnancy Breakfast
Pregnancy Snacks","Preparation Time: 10 mins, Cooking Time: 15 mins, Total Time: 25 mins ,         ",5
16,https://www.tarladalal.com/recipes-for-veg-recipes-gujarati-24?pageindex=15,"Purple Mogri Stir Fry, Radish Pods Stir Fry",https://www.tarladalal.com/purple-mogri-stir-fry-radish-pods-stir-fry-42279r,"Purple Mogri Stir Fry, Radish Pods Stir Fry recipe - How to make Purple Mogri Stir Fry, Radish Pods Stir Fry","For Purple Mogri Stir Fry:
 30 purple radish pods (mogri) , washed and cut into 1” pieces
 1 1/2 tsp oil
 1/2 tsp mustard seeds ( rai / sarson)
 1/4 tsp asafoetida (hing)
 salt to taste","For purple mogri stir fry
To make 
purple mogri stir fry
, heat the oil in a broad non-stick pan, add the mustard seeds and sauté on a medium flame for 20 seconds.
Add asafoetida, radish pods and salt and mix well. Cover with a lid and cook on a high flame for 40 seconds.
Serve the 
 immediately.","Gujarati Kachumber / Chutneys / Achar
Side Dishes
Indian Stir Fry
Pickles / Achar
Indian Party
Quick Stir-Fries
Foods to cook in December","Preparation Time: 2 mins, Cooking Time: 1 mins, Total Time: 3 mins ,         ",2
17,https://www.tarladalal.com/recipes-for-veg-recipes-gujarati-24?pageindex=15,Multigrain Methi Thepla Dough,https://www.tarladalal.com/multigrain-methi-thepla-dough-42288r,Multigrain Methi Thepla Dough recipe - How to make Multigrain Methi Thepla Dough,"1 cup whole wheat flour (gehun ka atta)
 2 tbsp bajra (black millet) flour
 2 tbsp jowar (white millet) flour
 2 tbsp ragi (nachni / red millet) flour
 1/2 cup finely chopped fenugreek (methi) leaves
 2 tsp sesame seeds (til)
 1 tbsp honey
 1/2 tsp ginger-green chilli paste
 1 tbsp oil
 1 tsp flax seeds
 salt to taste","Method
Combine all the ingredients in a bowl and knead into a semi-soft dough using enough water.
Store in an air-tight container in the fridge. Use as required.","Gujarati Roti, Thepla recipe collection
Breakfast Theplas, Parathas
Gujarati Dinner","Preparation Time: 10 mins, Cooking Time: 0 mins , Total Time: 10 mins ,         ",24
18,https://www.tarladalal.com/recipes-for-veg-recipes-gujarati-24?pageindex=15,Dhokla Subzi,https://www.tarladalal.com/dhokla-subzi-38909r,Dhokla Subzi recipe - How to make Dhokla Subzi,"For The Dhokla:
 1/4 cup green moong dal (split  green gram) soaked for 2 to 3 hours
 2 green chillies , roughly chopped
 salt to taste
 a pinch of asafoetida (hing)
 1 tsp fruit salt
 oil for greasing
 Other Ingredients:
 2 cups ridge gourd (turai) , cut diagonally
 1 tbsp oil
 1/2 tsp mustard seeds ( rai / sarson)
 1/4 tsp asafoetida (hing)
 a pinch of soda bi-carb
 salt to taste
 1 cup boiled sweet corn kernels (makai ke dane)
 To Be Blended Into A Smooth Paste (using A Little Water):
 1/2 cup finely chopped coriander (dhania)
 3 green chillies , roughly chopped
 1/2 tsp lemon juice
 To Be Mixed Into A Masala:
 1/4 cup finely chopped coriander (dhania)
 2 tbsp grated coconut
 1 tsp sugar
 1/4 tsp chilli powder
 1 tsp coriander (dhania) powder
 salt to taste","For the dhokla
Drain the green moong dal, add the green chillies and 2 tbsp of water and blend in a mixer to a smooth mixture.
Transfer the mixture into a bowl add the salt and asafoetida and mix well.
Just before steaming, add the fruit salt and 1 tsp of water over it.
When the bubbles form, mix gently.
Grease a 100 mm. (6”) thali with a little oil and pour the prepared batter into it.
Steam in a steamer for 7 minutes.
Remove, allow it cool a little and cut into equal sized squares. Keep aside.
How to proceed
Heat the oil in a kadhai and add the mustard seeds.
When the seeds crackle, add the asafoetida, ¾ cup of water and bring to boil.
Add the turai, soda-bi-carb, salt and the sweet corn, mix well and cook on a medium flame for 4 to 5 minutes, while stirring occasionally.
Add the paste and the masala, mix well and cook on a medium flame for 1 to 2 minutes, while stirring occasionally.
Just before serving, add the dhokla pieces, mix gently and cook on a medium flame for 2 minutes, while stirring occasionally.
Serve hot.","Gujarati Shaak Sabzi
Dinner
Sukhi Sabzis
Traditional Indian Sabzis
Indian Party
Gujarati Dinner","Preparation Time: 15 mins, Cooking Time: 15 mins, Total Time: 30 mins ,         ",4
19,https://www.tarladalal.com/recipes-for-veg-recipes-gujarati-24?pageindex=15,Trevti Dal ( Gujarati Recipe),https://www.tarladalal.com/trevti-dal--gujarati-recipe-615r,Trevti Dal ( Gujarati Recipe) recipe - How to make Trevti Dal ( Gujarati Recipe),"1/4 cup chana dal (split bengal gram)
 1/4 cup toovar (arhar) dal
 1/4 cup yellow moong dal (split yellow gram)
 2 tbsp oil
 1/2 tsp cumin seeds (jeera)
 2 cloves (laung / lavang)
 1 bayleaf (tejpatta)
 1 whole dry kashmiri red chilli , broken into pieces
 1/4 tsp asafoetida (hing)
 2 tsp ginger-green chilli paste
 1/4 tsp turmeric powder (haldi)
 1 tbsp lemon juice
 salt to taste
 For The Garnish:
 2 tbsp finely chopped coriander (dhania)
 For Serving:
 bhakhri
 garlic chutney","Method
Wash the dals, add 1½ cups of water and pressure cook for 3 whistles.
Allow the steam to escape before opening the lid. Keep aside.
Heat the oil in a deep non-stick pan and add the cumin seeds, cloves, bayleaf, red chillies and asafoetida.
When the seeds crackle, add the ginger-green chilli paste and sauté for a few seconds.
Add the cooked dal, turmeric powder, lemon juice, salt and 1¼ cups of water and mix well.
Bring to boil and simmer for 5 to 7 minutes, while stirring once in between.
Garnish with coriander and serve hot with bhakhri and garlic chutney.","Collection of Gujarati Dals / Kadhis
Indian Dal and Kadhi
 Popular Dals from all over India
Indian Party
Pressure Cooker
Non-stick Pan","Preparation Time: 10 mins, Cooking Time: 25 mins, Total Time: 35 mins ,         ",4
20,https://www.tarladalal.com/recipes-for-veg-recipes-gujarati-24?pageindex=15,Ek Toap Na Dal Bhaat ( Gujarati Recipe),https://www.tarladalal.com/ek-toap-na-dal-bhaat--gujarati-recipe-580r,Ek Toap Na Dal Bhaat ( Gujarati Recipe) recipe - How to make Ek Toap Na Dal Bhaat ( Gujarati Recipe),"1/3 cup toovar (arhar) dal , soaked and drained
 1 cup short grained rice (chawal) , soaked and drained
 5 to 7 baby onions , peeled
 3 to 4 baby potatoes , peeled
 2 to 3  small brinjals
 3 tbsp ghee
 a pinch of asafoetida (hing)
 1/4 tsp turmeric powder (haldi)
 1/4 cup green peas
 salt to taste
 To Be Mixed Together Into A Masala Mixture:
 2 tbsp coriander-cumin seeds (dhania-jeera) powder
 1 tbsp sugar
 1 1/2 tbsp chilli powder
 3/4 cup freshly grated coconut
 1/3 cup finely chopped coriander (dhania)
 a pinch of asafoetida (hing)
 salt to taste
 For Serving:
 chaas","Method
Clean, wash and soak the tooaver dal and rice in enough water for 15 to 20 minutes. Drain and keep aside.
Make criss-cross slits on the onions, potatoes and brinjals taking care not to separate the segments.
Stuff each of the onions, potatoes and brinjals evenly with the prepared masala mixture. Keep aside.
Heat 2 tbsp of ghee in a pressure cooker, add the, rice, toovar dal, asafoetida and turmeric powder and sauté on a medium flame for 1 minute.
Add the stuffed vegetables, green peas, salt and 2½ cups of hot water, mix gently and pressure cook on a high flame for 3 whistles.
Allow the steam to escape before opening the lid.
Add the remaining 1 tbsp of ghee, mix well.
Serve immediately with chaas.","Gujarati Khichdi 
Gujarati One Dish Meal
Dinner
One Dish Vegetarian Meals
One Meal Dinner
Indian Pressure Cooker
Pressure Cooker Rice","Preparation Time: 15 mins, Cooking Time: 15 mins, Total Time: 30 mins ,         ",4
21,https://www.tarladalal.com/recipes-for-veg-recipes-gujarati-24?pageindex=15,Chola Dal Panki,https://www.tarladalal.com/chola-dal-panki-33005r,Chola Dal Panki recipe - How to make Chola Dal Panki,"For Chola Dal Panki:
 1 cup chola dal (split cow peas) , soaked for 3 hours and drained
 1/2 cup chopped spinach (palak)
 1 tsp ginger-green chilli paste
 2 tsp oil
 1/4 tsp asafoetida (hing)
 salt to taste
 4 banana leaves (kele ka patta) , cut into 150 mm × 150 mm. square
 1 tsp oil for greasing
 For Serving:
 healthy green chutney","For chola dal panki
To make 
chola dal panki
, combine the chola dal, spinach leaves and ½ cup of water in a mixer and blend till smooth.
Transfer the mixture into a bowl, add the ginger-green chilli paste, oil, asafoetida and salt and mix well.
Apply a little oil on one side of each banana leaf.
Place 2 greased banana leaves on a flat surface with the greased side facing upwards.
Pour 11/2 tbsp of the batter on one banana leaf and cover with the other greased banana leaf with the greased side facing downwards.
Press it gently to spread the batter evenly to make a thin layer.
Heat a non-stick tava (griddle) and cook the panki on both sides till light brown spots appear on the banana leaves and the panki in-between peels off the banana leaves easily.
Repeat steps 4 to 7 to make 14 more pankis.
Serve 
 immediately with healthy green chutney.","Gujarati Farsans
Indian Snacks for Entertaining
Indian Steamed Snacks
Evening Tea Snacks
Indian Party
High Tea Party
Indian Party Starters","Preparation Time: 10 mins, Cooking Time: 15 mins, Total Time: 3 hours 25 minutes, Soaking time:       3 hours           ",15
22,https://www.tarladalal.com/recipes-for-veg-recipes-gujarati-24?pageindex=15,Wagharelo Rotla,https://www.tarladalal.com/wagharelo-rotla-41285r,Wagharelo Rotla recipe - How to make Wagharelo Rotla,"6  leftover rotlas (7”) each  ,   broken into pieces
 3 tbsp oil
 4 curry leaves (kadi patta)
 1/2 cup finely chopped onions
 1/2 tsp turmeric powder (haldi)
 1 tsp finely chopped ginger (adrak)
 2 tsp finely chopped garlic (lehsun)
 2 tsp finely chopped green chillies
 salt to taste
 1 tsp sugar
 3 tbsp finely chopped green garlic (hara lehsun)
 1 tbsp finely chopped coriander (dhania)","Method
Blend the rotla pieces in a mixer to a smooth powder. Keep aside.
Heat the oil in a deep non-stick pan, add the curry leaves and sauté on a medium flame for a few seconds.
Add the onions and turmeric powder and sauté on a medium flame for 1 minute.
Add the ginger, garlic and green chillies and sauté on a medium flame for 30 seconds.
Add the rotla powder, 2 tbsp of water and salt, mix well and cover with a lid and cook on a medium flame for 3 minutes, while stirring occasionally.
Add the sugar, fresh garlic and coriander, mix well and cover with a lid and cook on a medium flame for 1  minute, while stirring occasionally.
Serve hot.","Gujarati Farsans
Gujarati One Dish Meal
Breakfast using Leftovers
Evening Tea Snacks
Non-stick Pan","Preparation Time: 20 mins, Cooking Time: 6 mins, Total Time: 26 mins ,         ",4
23,https://www.tarladalal.com/recipes-for-veg-recipes-gujarati-24?pageindex=15,"Crispy Whole Wheat Muthia, Fried Gujarati Muthia",https://www.tarladalal.com/crispy-whole-wheat-muthia-fried-gujarati-muthia-42218r,"Crispy Whole Wheat Muthia, Fried Gujarati Muthia recipe - How to make Crispy Whole Wheat Muthia, Fried Gujarati Muthia","For Crispy Whole Wheat Muthia:
 1 1/2 cups coarse whole wheat flour (jada gehun ka atta)
 1/2 tsp turmeric powder (haldi)
 1 1/2 tsp chilli powder
 1 tsp coriander (dhania) powder
 1/4 tsp asafoetida (hing)
 1 tsp sesame seeds (til)
 2 tbsp sugar
 1 tbsp dried fenugreek leaves  (kasuri methi)
 salt to taste
 oil for deep-frying","For crispy whole wheat muthia
To make 
crispy whole wheat muthia
, combine all the ingredients in a deep bowl and mix well.
Knead into a stiff dough using enough water.
Divide the dough into 25 portions and shape each portion into 25 mm. (1”) cylindrical long roll.
Heat the oil in a deep non-stick pan and deep-fry a few muthias at a time on a slow flame till they turn golden brown in colour from both the sides. Drain them. Do not use a tissue paper as the muthias have sugar they will stick on it.
Cool the 
 completely and store in an air-tight container and use as required.","Gujarati Farsans
Gujarati  Dry Snacks
Evening Tea Snacks
Indian Party
High Tea Party
Quick Snacks / Quick Starters
Kitty Party Snacks","Preparation Time: 10 mins, Cooking Time: 25 mins, Total Time: 35 mins ,         ",2
